"","V1","V2","V3","V4","V5","V6"
"TTCGGGACTAATCGCG-1","TTCGGGACTAATCGCG-1",1,36,72,5561,6164
"TCTTTCTCTTAAGGAG-1","TCTTTCTCTTAAGGAG-1",1,7,79,2089,6646
"CGTTCATGGTGCGCGT-1","CGTTCATGGTGCGCGT-1",1,48,20,6998,2587
"CGCTCGACATAATGAT-1","CGCTCGACATAATGAT-1",1,21,45,3765,4307
"CTCCGGCCTAATATGC-1","CTCCGGCCTAATATGC-1",1,19,59,3526,5270
"ATGTTACGAGCAATAC-1","ATGTTACGAGCAATAC-1",1,15,29,3047,3206
"TAGATATGGACTGGAA-1","TAGATATGGACTGGAA-1",1,49,53,7117,4857
"CGTAGCGCCGACGTTG-1","CGTAGCGCCGACGTTG-1",1,7,53,2089,4857
"CTTAACTTCGAAGTAC-1","CTTAACTTCGAAGTAC-1",1,11,63,2568,5545
"TACGCTGCTGTGTTAA-1","TACGCTGCTGTGTTAA-1",1,68,24,9392,2862
"AGAGCAGTTATGAGAC-1","AGAGCAGTTATGAGAC-1",1,29,19,4723,2518
"GCGGACCGCGTTGTGG-1","GCGGACCGCGTTGTGG-1",1,51,43,7357,4169
"AATTAGCGCTGCAGCG-1","AATTAGCGCTGCAGCG-1",1,51,63,7357,5545
"TTGGACATGTGGCTTA-1","TTGGACATGTGGCTTA-1",1,41,29,6160,3206
"TGGAGCTAAAGTTCCC-1","TGGAGCTAAAGTTCCC-1",1,6,68,1970,5889
"GTCGTACCATCTCGGG-1","GTCGTACCATCTCGGG-1",1,46,62,6758,5476
"CCATCCATACCAAGTC-1","CCATCCATACCAAGTC-1",1,14,38,2927,3825
"ATCTTGACCTGCAACG-1","ATCTTGACCTGCAACG-1",1,26,44,4364,4238
"CTGGCTGGTTGTCAGT-1","CTGGCTGGTTGTCAGT-1",1,54,56,7716,5064
"CCCTCATTCTGGAATT-1","CCCTCATTCTGGAATT-1",1,16,44,3167,4238
"CCTCCGACAATTCAAG-1","CCTCCGACAATTCAAG-1",1,33,33,5202,3481
"TAACTCATCCGCGCGG-1","TAACTCATCCGCGCGG-1",1,43,49,6399,4582
"ATGGATCCGGCGTCCG-1","ATGGATCCGGCGTCCG-1",1,19,79,3526,6646
"GATTGCTCCAGTTGCA-1","GATTGCTCCAGTTGCA-1",1,63,27,8794,3068
"CCAACCTTATGTAACT-1","CCAACCTTATGTAACT-1",1,67,41,9272,4032
"ACGATCATCTTGTAAA-1","ACGATCATCTTGTAAA-1",1,36,102,5561,8229
"CTTCAGTGGTCGCCTA-1","CTTCAGTGGTCGCCTA-1",1,54,18,7716,2449
"AGTCTGGACATCCTTG-1","AGTCTGGACATCCTTG-1",1,18,20,3406,2587
"CTGTGGTCGGGAGATA-1","CTGTGGTCGGGAGATA-1",1,55,89,7836,7334
"TTGTGGTAGGAGGGAT-1","TTGTGGTAGGAGGGAT-1",1,50,28,7237,3137
"ACTCAGACCTGCTTCT-1","ACTCAGACCTGCTTCT-1",1,9,43,2329,4169
"TGGACCAATCTAAGAT-1","TGGACCAATCTAAGAT-1",1,62,80,8674,6715
"TCTTCGAATAGACGTT-1","TCTTCGAATAGACGTT-1",1,39,71,5920,6096
"CTGGTTTCGAGCAAGA-1","CTGGTTTCGAGCAAGA-1",1,46,88,6758,7265
"CATGATGGAAGTTAGC-1","CATGATGGAAGTTAGC-1",1,45,103,6638,8297
"CCTACTGCTTACACTT-1","CCTACTGCTTACACTT-1",1,27,49,4484,4582
"TCAACTAACGTATAAC-1","TCAACTAACGTATAAC-1",1,31,19,4963,2518
"GAAACCTATACAAATG-1","GAAACCTATACAAATG-1",1,60,52,8434,4788
"TCCCTGGCTCGCTGGA-1","TCCCTGGCTCGCTGGA-1",1,33,27,5202,3068
"GATTGACACTCTGCTC-1","GATTGACACTCTGCTC-1",1,5,63,1850,5545
"TCCTTACGACGGTCCG-1","TCCTTACGACGGTCCG-1",1,49,95,7117,7747
"TTAGACACGATCGTTG-1","TTAGACACGATCGTTG-1",1,16,86,3167,7128
"CACCATCGGAGGAGAC-1","CACCATCGGAGGAGAC-1",1,11,61,2568,5408
"CCGAGGGATGTTAGGC-1","CCGAGGGATGTTAGGC-1",1,6,62,1970,5476
"ATGGGTGTATACCTCC-1","ATGGGTGTATACCTCC-1",1,64,24,8913,2862
"ACGCAAACTAATAGAT-1","ACGCAAACTAATAGAT-1",1,63,47,8794,4444
"TGCTAAGTGTCTATTT-1","TGCTAAGTGTCTATTT-1",1,52,90,7477,7403
"AAGTTTACTAATGGCA-1","AAGTTTACTAATGGCA-1",1,5,61,1850,5407
"GAAGCCACTGATTATG-1","GAAGCCACTGATTATG-1",1,65,69,9033,5958
"CGAAACATAGATGGCA-1","CGAAACATAGATGGCA-1",1,11,77,2568,6508
"AGCAACATATCTTATT-1","AGCAACATATCTTATT-1",1,41,93,6160,7609
"CCTGCTATTTGAGAAG-1","CCTGCTATTTGAGAAG-1",1,26,50,4364,4651
"GTCCTACAGGCGGCTC-1","GTCCTACAGGCGGCTC-1",1,18,16,3406,2311
"ATTCACTGATGTTGGA-1","ATTCACTGATGTTGGA-1",1,56,68,7955,5889
"TAGAAAGGTGGCGCTA-1","TAGAAAGGTGGCGCTA-1",1,31,81,4963,6784
"ATAACGCCGGAGGGTC-1","ATAACGCCGGAGGGTC-1",1,35,81,5441,6784
"AAATGGCCCGTGCCCT-1","AAATGGCCCGTGCCCT-1",1,49,17,7118,2380
"TTGCCGCTTTCTAGTA-1","TTGCCGCTTTCTAGTA-1",1,62,78,8674,6577
"AAGCACCCTGCGTATC-1","AAGCACCCTGCGTATC-1",1,59,73,8315,6233
"TTGTTGTGTGTCAAGA-1","TTGTTGTGTGTCAAGA-1",1,31,77,4963,6508
"TATGAAGACAGGTGCG-1","TATGAAGACAGGTGCG-1",1,29,21,4723,2655
"CTTGTACTTGTTGACT-1","CTTGTACTTGTTGACT-1",1,21,51,3765,4720
"GGACCTCTAGGCCGCC-1","GGACCTCTAGGCCGCC-1",1,58,30,8195,3275
"AACGTGATGAAGGACA-1","AACGTGATGAAGGACA-1",1,9,83,2329,6921
"GGTATTGCCGAGTTTA-1","GGTATTGCCGAGTTTA-1",1,33,53,5202,4857
"GATCGCTATATCTCAG-1","GATCGCTATATCTCAG-1",1,61,25,8554,2931
"AAAGGCTACGGACCAT-1","AAAGGCTACGGACCAT-1",1,62,54,8674,4926
"GAAATCGCGCGCAACT-1","GAAATCGCGCGCAACT-1",1,18,68,3406,5889
"CTTGAGTTAGGGTAAT-1","CTTGAGTTAGGGTAAT-1",1,39,93,5920,7609
"CCTATCTATATCGGAA-1","CCTATCTATATCGGAA-1",1,19,77,3526,6508
"AACTCCTAATCCCATG-1","AACTCCTAATCCCATG-1",1,12,92,2688,7540
"GTGGACCAACCCGATT-1","GTGGACCAACCCGATT-1",1,45,29,6639,3206
"GTCGTCAATTATAAGG-1","GTCGTCAATTATAAGG-1",1,11,45,2568,4307
"CCCAAGACAGAGTATG-1","CCCAAGACAGAGTATG-1",1,4,50,1730,4651
"ACTTATCTGATCTATA-1","ACTTATCTGATCTATA-1",1,0,32,1251,3412
"GCTACGACTTATTGGG-1","GCTACGACTTATTGGG-1",1,43,69,6399,5958
"TCTGAAGCACGTGGTC-1","TCTGAAGCACGTGGTC-1",1,56,84,7955,6990
"AATCTAGGTTTACTTG-1","AATCTAGGTTTACTTG-1",1,52,16,7477,2312
"GCCGGAAACACATCTT-1","GCCGGAAACACATCTT-1",1,3,53,1610,4857
"AAGAGGCATGGATCGC-1","AAGAGGCATGGATCGC-1",1,36,80,5561,6715
"CCTCGCCAGCAAATTA-1","CCTCGCCAGCAAATTA-1",1,18,74,3406,6302
"TCTGATGTATTCTGTC-1","TCTGATGTATTCTGTC-1",1,51,83,7357,6921
"TGGAAGAAGGGAACGT-1","TGGAAGAAGGGAACGT-1",1,39,35,5920,3619
"AACTTGCGTTCTCGCG-1","AACTTGCGTTCTCGCG-1",1,14,20,2927,2587
"CGCCCAGCACGCCTAG-1","CGCCCAGCACGCCTAG-1",1,59,51,8315,4720
"TCTCCAACGTAGGTTA-1","TCTCCAACGTAGGTTA-1",1,20,78,3646,6577
"CACATATTAGCAGGAT-1","CACATATTAGCAGGAT-1",1,47,73,6878,6233
"GGGTATGTATGCACTT-1","GGGTATGTATGCACTT-1",1,28,28,4603,3137
"TAGCTAGTGATGATGG-1","TAGCTAGTGATGATGG-1",1,60,48,8434,4513
"CTGGGCCTGCTATATC-1","CTGGGCCTGCTATATC-1",1,44,30,6519,3275
"GCTAAGTAGTTTCTCT-1","GCTAAGTAGTTTCTCT-1",1,34,80,5322,6715
"TGCCTTGGCCAGGCAA-1","TGCCTTGGCCAGGCAA-1",1,52,82,7477,6853
"GTCAAAGAAGTGGTGT-1","GTCAAAGAAGTGGTGT-1",1,56,18,7956,2449
"AGGCAGGGAGCGTACT-1","AGGCAGGGAGCGTACT-1",1,59,49,8315,4582
"TGTACTGTGCCAAAGT-1","TGTACTGTGCCAAAGT-1",1,5,43,1850,4169
"CGGTCAAGTGGGAACC-1","CGGTCAAGTGGGAACC-1",1,26,80,4364,6715
"ATCGACCCAATACAGA-1","ATCGACCCAATACAGA-1",1,43,63,6399,5545
"CCGCCACCACAATCCA-1","CCGCCACCACAATCCA-1",1,4,66,1730,5751
"GATTCCGCGTTTCCGT-1","GATTCCGCGTTTCCGT-1",1,16,76,3167,6440
"CGTGCAGACTGGGACA-1","CGTGCAGACTGGGACA-1",1,40,74,6040,6302
"GGCTCCTCCACCTGTT-1","GGCTCCTCCACCTGTT-1",1,59,35,8315,3619
"GTGATCACTAACGCCT-1","GTGATCACTAACGCCT-1",1,47,97,6878,7885
"ACTGAAACGCCGTTAG-1","ACTGAAACGCCGTTAG-1",1,57,93,8075,7609
"AGTCCCGCCTTTAATT-1","AGTCCCGCCTTTAATT-1",1,17,93,3286,7609
"GCCATATTGCACACAG-1","GCCATATTGCACACAG-1",1,22,90,3885,7403
"TAGACGAAACGCCAAT-1","TAGACGAAACGCCAAT-1",1,63,73,8793,6233
"CACTCGAGCTGAACAA-1","CACTCGAGCTGAACAA-1",1,48,74,6998,6302
"GTCCATTACTGCTACG-1","GTCCATTACTGCTACG-1",1,42,106,6279,8504
"CTCTGTGCCTGCTATG-1","CTCTGTGCCTGCTATG-1",1,2,48,1491,4513
"TTGACCATGTTCTCCG-1","TTGACCATGTTCTCCG-1",1,24,78,4124,6577
"AAATAACCATACGGGA-1","AAATAACCATACGGGA-1",1,14,88,2927,7265
"GTCTATCTGAGTTTCT-1","GTCTATCTGAGTTTCT-1",1,40,42,6040,4100
"CAATATTGGACTAGTG-1","CAATATTGGACTAGTG-1",1,8,18,2209,2449
"TTATGCGTCCCGGTCC-1","TTATGCGTCCCGGTCC-1",1,7,45,2089,4307
"ATGGCAGCATTACGAT-1","ATGGCAGCATTACGAT-1",1,64,18,8913,2449
"TCGGTCCCTGACTCCA-1","TCGGTCCCTGACTCCA-1",1,10,90,2448,7403
"CCGACAAAGGGAGTGC-1","CCGACAAAGGGAGTGC-1",1,33,21,5202,2655
"TTGGACCTATAACAGT-1","TTGGACCTATAACAGT-1",1,56,86,7955,7128
"TGCCACCTGGCGAAAC-1","TGCCACCTGGCGAAAC-1",1,20,76,3646,6440
"TTAGTAGGGCGGCGGG-1","TTAGTAGGGCGGCGGG-1",1,34,26,5322,2999
"CACGTTTCGTACACAC-1","CACGTTTCGTACACAC-1",1,55,91,7836,7472
"CAGTCTGTATACTGGG-1","CAGTCTGTATACTGGG-1",1,42,66,6279,5752
"GTGGTGGCCAAGTGAA-1","GTGGTGGCCAAGTGAA-1",1,45,79,6639,6646
"CTCATTGCTCTAACAA-1","CTCATTGCTCTAACAA-1",1,60,78,8434,6577
"ACTATTCGTCCGTGGT-1","ACTATTCGTCCGTGGT-1",1,14,74,2927,6302
"ATGAGGAGTGTTAATC-1","ATGAGGAGTGTTAATC-1",1,25,35,4244,3619
"ATAGGCTAGCTTCGCA-1","ATAGGCTAGCTTCGCA-1",1,25,97,4244,7884
"TGGGCACGTTCTATGG-1","TGGGCACGTTCTATGG-1",1,15,73,3047,6233
"AGTCACTCCGCCTCAT-1","AGTCACTCCGCCTCAT-1",1,6,30,1970,3275
"TCCCAAAGACGAAGGA-1","TCCCAAAGACGAAGGA-1",1,26,60,4364,5339
"ACGAGAACCCATCACG-1","ACGAGAACCCATCACG-1",1,8,34,2209,3550
"ACGCGGGCCAAGGACA-1","ACGCGGGCCAAGGACA-1",1,34,62,5322,5476
"ATTACAACTACCGGCC-1","ATTACAACTACCGGCC-1",1,11,87,2568,7196
"TAGAATTAAGGGCAAC-1","TAGAATTAAGGGCAAC-1",1,10,76,2448,6440
"ATTGATGAGTCCTAAC-1","ATTGATGAGTCCTAAC-1",1,33,99,5202,8022
"CGGCCACGCACAAAGT-1","CGGCCACGCACAAAGT-1",1,35,59,5441,5270
"AGACGAAGTGCCGGTC-1","AGACGAAGTGCCGGTC-1",1,49,97,7117,7885
"TATCTACCACAGCGGG-1","TATCTACCACAGCGGG-1",1,42,60,6279,5339
"ACTGTATACGCGAGCA-1","ACTGTATACGCGAGCA-1",1,10,36,2449,3687
"GTTCTTCCCTCGATGT-1","GTTCTTCCCTCGATGT-1",1,15,51,3047,4719
"AATGTGCTAATCTGAG-1","AATGTGCTAATCTGAG-1",1,66,32,9153,3412
"ATTAAACATGCGGACC-1","ATTAAACATGCGGACC-1",1,43,59,6399,5270
"GCGGGCGAGCCTTACC-1","GCGGGCGAGCCTTACC-1",1,55,51,7836,4720
"GCATAGAGCACTCAGG-1","GCATAGAGCACTCAGG-1",1,37,59,5681,5270
"CCATGGCCCTTGTACC-1","CCATGGCCCTTGTACC-1",1,32,22,5082,2724
"GGCAGCAAACCTATGC-1","GGCAGCAAACCTATGC-1",1,51,103,7357,8297
"CAGTAGCCCACGCGGT-1","CAGTAGCCCACGCGGT-1",1,25,91,4244,7472
"CGTGAAGTTAATTCAC-1","CGTGAAGTTAATTCAC-1",1,40,56,6040,5064
"GCATGAGGGACGCGGC-1","GCATGAGGGACGCGGC-1",1,30,90,4843,7403
"AACTAGCGTATCGCAC-1","AACTAGCGTATCGCAC-1",1,4,48,1730,4513
"ATACAGGCCCTCCAAT-1","ATACAGGCCCTCCAAT-1",1,56,72,7955,6165
"TTAATGTAGACCAGGT-1","TTAATGTAGACCAGGT-1",1,30,68,4843,5889
"TCCAGAGCACCGGTTC-1","TCCAGAGCACCGGTTC-1",1,40,70,6040,6027
"CGTAGCGAATTGTCAG-1","CGTAGCGAATTGTCAG-1",1,13,71,2808,6096
"GCCATCGAGCTGCGTG-1","GCCATCGAGCTGCGTG-1",1,53,47,7596,4444
"AGAAGAGCGCCGTTCC-1","AGAAGAGCGCCGTTCC-1",1,38,88,5801,7265
"ATACTCTCGCCACTCT-1","ATACTCTCGCCACTCT-1",1,9,25,2329,2931
"GCAGGTAGAGTATGGT-1","GCAGGTAGAGTATGGT-1",1,18,94,3406,7678
"TCCGGTTCGTCCGGTC-1","TCCGGTTCGTCCGGTC-1",1,51,53,7357,4857
"GCGATTCTGGAAGCAG-1","GCGATTCTGGAAGCAG-1",1,10,74,2448,6302
"ACAGATTAGGTTAGTG-1","ACAGATTAGGTTAGTG-1",1,7,57,2089,5132
"GACACGAGTTAGAGGA-1","GACACGAGTTAGAGGA-1",1,19,25,3526,2931
"AACCTCGCTTTAGCCC-1","AACCTCGCTTTAGCCC-1",1,62,82,8674,6853
"CTGCGGTAGTCACGTG-1","CTGCGGTAGTCACGTG-1",1,10,92,2448,7540
"TTGGGACACTGCCCGC-1","TTGGGACACTGCCCGC-1",1,28,70,4603,6027
"GAAGTTTCCACTCAAT-1","GAAGTTTCCACTCAAT-1",1,36,46,5561,4376
"ATCAGTAGGCAGGGAT-1","ATCAGTAGGCAGGGAT-1",1,23,87,4005,7196
"GGTAACCGGGAGGATA-1","GGTAACCGGGAGGATA-1",1,57,27,8075,3068
"ATACTGCCTTACACCG-1","ATACTGCCTTACACCG-1",1,58,84,8195,6990
"AAACAATCTACTAGCA-1","AAACAATCTACTAGCA-1",1,3,43,1611,4169
"ATTGTCGCAATACCTT-1","ATTGTCGCAATACCTT-1",1,15,85,3047,7059
"TTACTGGGATATTTCA-1","TTACTGGGATATTTCA-1",1,44,54,6519,4926
"CAGAGGCGATGCATGA-1","CAGAGGCGATGCATGA-1",1,54,48,7716,4513
"CACCGTTGCGCGATAT-1","CACCGTTGCGCGATAT-1",1,47,29,6878,3206
"TCGTCTTAGGCGTTAA-1","TCGTCTTAGGCGTTAA-1",1,53,83,7596,6921
"CGACAATTTGATCTAA-1","CGACAATTTGATCTAA-1",1,43,95,6399,7747
"CAATCCTGCCGTGGAG-1","CAATCCTGCCGTGGAG-1",1,14,24,2927,2862
"ATTGTACAACTCGGCT-1","ATTGTACAACTCGGCT-1",1,35,103,5441,8297
"GCCCTAGCCGTCGCGA-1","GCCCTAGCCGTCGCGA-1",1,54,16,7716,2312
"AGGGTCGATGCGAACT-1","AGGGTCGATGCGAACT-1",1,37,97,5681,7885
"GTCATTAGAGCGAACG-1","GTCATTAGAGCGAACG-1",1,37,67,5681,5820
"GTACTGAGGTCGTAAC-1","GTACTGAGGTCGTAAC-1",1,11,47,2568,4444
"CGAATGAAGTCATTGC-1","CGAATGAAGTCATTGC-1",1,62,20,8674,2587
"CTAGTTACAACCCGGT-1","CTAGTTACAACCCGGT-1",1,53,67,7596,5821
"GGGCGGTCCTATTGTC-1","GGGCGGTCCTATTGTC-1",1,14,28,2927,3137
"GTGGACGCATTTGTCC-1","GTGGACGCATTTGTCC-1",1,56,64,7955,5614
"ACAAGGGCAGGCTCTG-1","ACAAGGGCAGGCTCTG-1",1,44,76,6519,6440
"CACGCGGAACTGTTGC-1","CACGCGGAACTGTTGC-1",1,42,98,6279,7953
"CTGGGATAAATAATGG-1","CTGGGATAAATAATGG-1",1,38,84,5801,6990
"GGGTGGTCCAGCCTGT-1","GGGTGGTCCAGCCTGT-1",1,7,69,2089,5958
"AGTATACACAGCGACA-1","AGTATACACAGCGACA-1",1,64,48,8913,4513
"CTTCACGCCCTGGTAC-1","CTTCACGCCCTGGTAC-1",1,71,21,9751,2656
"TATAAGTGAGGATAGC-1","TATAAGTGAGGATAGC-1",1,21,39,3765,3894
"AGTATCCATAATAACG-1","AGTATCCATAATAACG-1",1,4,24,1730,2862
"CCTAGTTAGTCGCATG-1","CCTAGTTAGTCGCATG-1",1,12,72,2688,6164
"ACCCAACGCCCGTGGC-1","ACCCAACGCCCGTGGC-1",1,30,86,4843,7128
"CGGGAATATAGTATAC-1","CGGGAATATAGTATAC-1",1,47,105,6878,8435
"TCATATGAGCTTTGTT-1","TCATATGAGCTTTGTT-1",1,64,62,8913,5477
"AGTGATATGAGTAGTT-1","AGTGATATGAGTAGTT-1",1,45,49,6639,4582
"TAAAGCGTTAGGAGAA-1","TAAAGCGTTAGGAGAA-1",1,28,88,4603,7265
"GCCGCATTAGTCCGGC-1","GCCGCATTAGTCCGGC-1",1,35,17,5442,2380
"GTACTGGAGTTAGACC-1","GTACTGGAGTTAGACC-1",1,33,81,5202,6784
"GGATGCTGGCGTTCCT-1","GGATGCTGGCGTTCCT-1",1,39,19,5920,2518
"CTATCGGGTCTCAACA-1","CTATCGGGTCTCAACA-1",1,35,69,5441,5958
"CGGAAAGAATCAAACG-1","CGGAAAGAATCAAACG-1",1,58,48,8195,4513
"TTCAAGCCGAGCTGAG-1","TTCAAGCCGAGCTGAG-1",1,13,75,2808,6371
"AATGACGTAGGATGTC-1","AATGACGTAGGATGTC-1",1,44,78,6519,6577
"GTGCCGCTTCAAAGGT-1","GTGCCGCTTCAAAGGT-1",1,44,44,6519,4238
"TCGCATCCCTAAGTGT-1","TCGCATCCCTAAGTGT-1",1,15,31,3047,3343
"AACAGGAAATCGAATA-1","AACAGGAAATCGAATA-1",1,15,67,3047,5820
"AATGATGATACGCTAT-1","AATGATGATACGCTAT-1",1,23,93,4005,7609
"TCGTTGCTATCCGGTC-1","TCGTTGCTATCCGGTC-1",1,54,46,7716,4376
"TGTGACTACGCCAGTC-1","TGTGACTACGCCAGTC-1",1,21,73,3765,6233
"TCATACTTACAGATCC-1","TCATACTTACAGATCC-1",1,22,24,3885,2862
"ACTAGTTGCGATCGTC-1","ACTAGTTGCGATCGTC-1",1,50,104,7237,8366
"AATCGGGACACTACGA-1","AATCGGGACACTACGA-1",1,8,60,2209,5339
"TCCCAGCTTTAGTCTG-1","TCCCAGCTTTAGTCTG-1",1,34,56,5322,5064
"GTAGTCTACGATATTG-1","GTAGTCTACGATATTG-1",1,63,77,8793,6509
"CGGAACGTAAACATAG-1","CGGAACGTAAACATAG-1",1,47,45,6878,4307
"TCGCTTTAAACGTTTG-1","TCGCTTTAAACGTTTG-1",1,25,87,4244,7196
"AATTGAACGCTCTGGT-1","AATTGAACGCTCTGGT-1",1,45,83,6639,6921
"CCATGTTCATCTATAT-1","CCATGTTCATCTATAT-1",1,68,28,9392,3137
"CACCCTAACAAGATCT-1","CACCCTAACAAGATCT-1",1,56,80,7955,6715
"CCCGCAGCGCGAACTA-1","CCCGCAGCGCGAACTA-1",1,49,67,7117,5820
"TATGGCCCGGCCTCGC-1","TATGGCCCGGCCTCGC-1",1,30,30,4843,3275
"GGTCAGTGGGTCCCAC-1","GGTCAGTGGGTCCCAC-1",1,48,62,6998,5476
"GTGCGGGACCATCGGC-1","GTGCGGGACCATCGGC-1",1,6,40,1970,3963
"CTATTCATGTGTCCCA-1","CTATTCATGTGTCCCA-1",1,52,62,7477,5476
"TTGGAAGAATACAGTC-1","TTGGAAGAATACAGTC-1",1,50,24,7237,2862
"CCTATAATGAGTGCCC-1","CCTATAATGAGTGCCC-1",1,55,81,7836,6784
"GTACTTGGGCACTTCT-1","GTACTTGGGCACTTCT-1",1,17,33,3287,3481
"ATGGGCCTCGGCCTCT-1","ATGGGCCTCGGCCTCT-1",1,45,91,6639,7472
"ATAGACGAAGAGAAAG-1","ATAGACGAAGAGAAAG-1",1,33,45,5202,4307
"GAGTGTGCGGTACCCA-1","GAGTGTGCGGTACCCA-1",1,44,88,6519,7265
"GTCGGATATCTCAGAC-1","GTCGGATATCTCAGAC-1",1,32,36,5082,3688
"CCCAGTTAAGGCGCCG-1","CCCAGTTAAGGCGCCG-1",1,42,82,6279,6853
"CGGGATCAATGTAAGA-1","CGGGATCAATGTAAGA-1",1,23,59,4005,5270
"CTAGTTGGGCCCGGTA-1","CTAGTTGGGCCCGGTA-1",1,26,68,4364,5889
"TATACTCATGCGGCAA-1","TATACTCATGCGGCAA-1",1,20,18,3646,2449
"GTTCACAGGAGTCTAG-1","GTTCACAGGAGTCTAG-1",1,32,34,5082,3550
"TGCTATACAAACGGAC-1","TGCTATACAAACGGAC-1",1,5,55,1850,4995
"AGCGCATAATGAATCG-1","AGCGCATAATGAATCG-1",1,57,55,8075,4995
"TCGTCCGCTGGCGTCT-1","TCGTCCGCTGGCGTCT-1",1,22,40,3885,3963
"GGCAAGCCCATAGTGG-1","GGCAAGCCCATAGTGG-1",1,67,61,9272,5408
"GCAACACACTAGAACT-1","GCAACACACTAGAACT-1",1,46,16,6758,2312
"TTGTGCAGCCACGTCA-1","TTGTGCAGCCACGTCA-1",1,60,74,8434,6302
"TACTTGTTAGTAGTCC-1","TACTTGTTAGTAGTCC-1",1,37,87,5681,7196
"TCAGCAAATGCATCTC-1","TCAGCAAATGCATCTC-1",1,31,73,4963,6233
"GGTGCTGATCACAAAG-1","GGTGCTGATCACAAAG-1",1,27,21,4484,2655
"TAGAGCTACGAAGAAC-1","TAGAGCTACGAAGAAC-1",1,13,53,2808,4857
"CCAAACAGAACCCTCG-1","CCAAACAGAACCCTCG-1",1,22,48,3885,4513
"GAGTATGCCCGCCTTG-1","GAGTATGCCCGCCTTG-1",1,49,43,7118,4169
"CCAATGTCACAGCAAG-1","CCAATGTCACAGCAAG-1",1,37,49,5681,4582
"AGCACACGTTTAGACT-1","AGCACACGTTTAGACT-1",1,68,26,9392,3000
"ACGTACTTTGGCACGG-1","ACGTACTTTGGCACGG-1",1,70,32,9632,3412
"CCTACGGCTCAGTCGA-1","CCTACGGCTCAGTCGA-1",1,16,32,3167,3412
"GACAGGCACACACTAT-1","GACAGGCACACACTAT-1",1,38,22,5801,2724
"CACAGCACCCACGGCA-1","CACAGCACCCACGGCA-1",1,31,59,4963,5270
"CTCATTTGATGGGCGG-1","CTCATTTGATGGGCGG-1",1,22,62,3885,5476
"TCCGCCTGTCTACAAG-1","TCCGCCTGTCTACAAG-1",1,56,74,7955,6302
"TTGCTGAAGGAACCAC-1","TTGCTGAAGGAACCAC-1",1,19,57,3526,5132
"GGTTAGTTACGGCGCC-1","GGTTAGTTACGGCGCC-1",1,27,23,4484,2793
"ATGACTATCAGCTGTG-1","ATGACTATCAGCTGTG-1",1,63,43,8794,4169
"GGTTTACAATCTCAAT-1","GGTTTACAATCTCAAT-1",1,25,73,4244,6233
"ATTATCTCGACAGATC-1","ATTATCTCGACAGATC-1",1,7,61,2089,5407
"TGGCGATCAAGTTATG-1","TGGCGATCAAGTTATG-1",1,51,55,7357,4995
"GGTACCATTAAGACGG-1","GGTACCATTAAGACGG-1",1,29,105,4723,8435
"AATGCACCAAGCAATG-1","AATGCACCAAGCAATG-1",1,19,97,3526,7884
"CCCGTCAGCGTCTGAC-1","CCCGTCAGCGTCTGAC-1",1,23,51,4005,4720
"CCTAACCCAAACAAGT-1","CCTAACCCAAACAAGT-1",1,49,89,7117,7334
"ATTCATATACTGTCCA-1","ATTCATATACTGTCCA-1",1,46,60,6758,5339
"GAAGTCAGTTGCACTA-1","GAAGTCAGTTGCACTA-1",1,52,58,7477,5201
"TTCTAGGCCAATTGTG-1","TTCTAGGCCAATTGTG-1",1,22,44,3885,4238
"GCTACTATAGTAGAGT-1","GCTACTATAGTAGAGT-1",1,50,94,7237,7678
"GTACTCCCTTATCGCT-1","GTACTCCCTTATCGCT-1",1,36,28,5561,3137
"TTAGATAGGTCGATAC-1","TTAGATAGGTCGATAC-1",1,13,21,2808,2655
"GACCCGTCGCCGGCTA-1","GACCCGTCGCCGGCTA-1",1,9,59,2329,5270
"ATGGAGCAGGCCGTGA-1","ATGGAGCAGGCCGTGA-1",1,36,66,5561,5752
"TCCGATAATTGCCATA-1","TCCGATAATTGCCATA-1",1,18,64,3406,5614
"TAGTAGCTTATACCAG-1","TAGTAGCTTATACCAG-1",1,61,43,8554,4169
"ACTTTCCTATAGCTTC-1","ACTTTCCTATAGCTTC-1",1,28,62,4603,5476
"CTCTCTAACTGCCTAG-1","CTCTCTAACTGCCTAG-1",1,57,21,8075,2656
"TATTTAGTCTAGATCG-1","TATTTAGTCTAGATCG-1",1,18,58,3406,5201
"CGTTAATGTCCCGACG-1","CGTTAATGTCCCGACG-1",1,59,87,8315,7197
"CGCGAGTCTGCCGGGT-1","CGCGAGTCTGCCGGGT-1",1,52,20,7477,2587
"CGAGCGTTGATCAGCC-1","CGAGCGTTGATCAGCC-1",1,12,46,2688,4375
"CAAACTATTGAGCTTC-1","CAAACTATTGAGCTTC-1",1,11,75,2568,6371
"CCTAGGCGTAGCGATC-1","CCTAGGCGTAGCGATC-1",1,36,88,5561,7265
"ATACCAGGCTAATAGA-1","ATACCAGGCTAATAGA-1",1,9,55,2329,4995
"TTGAACGAATCCTTTG-1","TTGAACGAATCCTTTG-1",1,19,21,3526,2655
"CTATGTCTATTGAAAC-1","CTATGTCTATTGAAAC-1",1,11,55,2568,4995
"TCGTTCGTTATTATGT-1","TCGTTCGTTATTATGT-1",1,10,62,2448,5476
"AAGACCCAACTGAACA-1","AAGACCCAACTGAACA-1",1,60,54,8434,4926
"TGACGATGCACTAGAA-1","TGACGATGCACTAGAA-1",1,37,95,5681,7747
"CCCTCGATAATACACA-1","CCCTCGATAATACACA-1",1,69,29,9512,3206
"GGATTTCACTTCTATA-1","GGATTTCACTTCTATA-1",1,31,83,4963,6921
"TCCACAATGGTTTACG-1","TCCACAATGGTTTACG-1",1,30,36,4843,3688
"TAATAGTGACGACCAG-1","TAATAGTGACGACCAG-1",1,27,83,4484,6921
"TCTGTGACTGACCGTT-1","TCTGTGACTGACCGTT-1",1,3,23,1611,2793
"CCGCGGAATGCGTCAC-1","CCGCGGAATGCGTCAC-1",1,51,45,7357,4307
"GTAGCTTCCTCTTGTT-1","GTAGCTTCCTCTTGTT-1",1,31,89,4962,7334
"AGTCCATTGGCTGATG-1","AGTCCATTGGCTGATG-1",1,42,100,6279,8091
"GAAACATAGGAAACAG-1","GAAACATAGGAAACAG-1",1,60,20,8434,2587
"CATCGCCCGCGGCCAA-1","CATCGCCCGCGGCCAA-1",1,14,44,2927,4238
"CTCCTCCAGCTCACAC-1","CTCCTCCAGCTCACAC-1",1,62,50,8674,4651
"GAACCCTCTGTGTTCT-1","GAACCCTCTGTGTTCT-1",1,59,67,8315,5821
"TATCTTGCAATACAAC-1","TATCTTGCAATACAAC-1",1,56,16,7956,2312
"TTGTAAGGACCTAAGT-1","TTGTAAGGACCTAAGT-1",1,46,32,6758,3412
"TATCCTGCATGGGAAT-1","TATCCTGCATGGGAAT-1",1,14,54,2927,4926
"CACTAAAGTTGCCTAT-1","CACTAAAGTTGCCTAT-1",1,35,51,5441,4720
"CTGACTGCGCAGCTCG-1","CTGACTGCGCAGCTCG-1",1,31,101,4962,8160
"CTACTATCTTTCAGAG-1","CTACTATCTTTCAGAG-1",1,29,93,4723,7609
"CATGGCAGGAAGATCG-1","CATGGCAGGAAGATCG-1",1,17,57,3287,5132
"GAATGCGAATCGGTTC-1","GAATGCGAATCGGTTC-1",1,63,69,8793,5958
"GGTTAGCTATATGTCT-1","GGTTAGCTATATGTCT-1",1,47,87,6878,7197
"ACACGGGAACTTAGGG-1","ACACGGGAACTTAGGG-1",1,27,71,4484,6096
"GCTGTTGCTACCGAAC-1","GCTGTTGCTACCGAAC-1",1,39,95,5920,7747
"CTAGCATAGTATAATG-1","CTAGCATAGTATAATG-1",1,34,66,5322,5752
"CTAGCCGATGTTATGA-1","CTAGCCGATGTTATGA-1",1,23,101,4005,8160
"GACTAAGTAGGCTCAC-1","GACTAAGTAGGCTCAC-1",1,27,43,4484,4169
"GTGCACCAGCTTCAAC-1","GTGCACCAGCTTCAAC-1",1,66,54,9153,4926
"CGCATGGTGCGATGCT-1","CGCATGGTGCGATGCT-1",1,40,66,6040,5752
"CGAGGCCAGGCATTGG-1","CGAGGCCAGGCATTGG-1",1,14,22,2927,2724
"GAAGGAGTCGAGTGCG-1","GAAGGAGTCGAGTGCG-1",1,66,60,9153,5339
"AATAACACTAGAACAA-1","AATAACACTAGAACAA-1",1,52,38,7477,3825
"GCGAAACGATCGGGAG-1","GCGAAACGATCGGGAG-1",1,54,100,7716,8091
"ACACAAAGACGGGTGG-1","ACACAAAGACGGGTGG-1",1,24,56,4125,5064
"TAGCAACCTGTCACAA-1","TAGCAACCTGTCACAA-1",1,22,26,3885,2999
"CGCCTGGCCTACGTAA-1","CGCCTGGCCTACGTAA-1",1,41,27,6160,3068
"TGCTGTTGAAGAACTC-1","TGCTGTTGAAGAACTC-1",1,38,66,5801,5752
"TATACGCGTCATCACT-1","TATACGCGTCATCACT-1",1,60,68,8434,5889
"ACCCGAGCGAAATTAC-1","ACCCGAGCGAAATTAC-1",1,61,29,8554,3206
"TACAAGTCTCGTGCAT-1","TACAAGTCTCGTGCAT-1",1,31,27,4963,3068
"TTCTGCGGGTTAGCGG-1","TTCTGCGGGTTAGCGG-1",1,40,80,6040,6715
"GCTTGGATCGATTAGG-1","GCTTGGATCGATTAGG-1",1,31,97,4962,7885
"GTGCAACAAATGTGGC-1","GTGCAACAAATGTGGC-1",1,14,62,2927,5476
"GCAGCGGTGGGCATTA-1","GCAGCGGTGGGCATTA-1",1,7,31,2089,3343
"CTAATTTCAACAACAC-1","CTAATTTCAACAACAC-1",1,21,27,3765,3068
"AAACACCAATAACTGC-1","AAACACCAATAACTGC-1",1,59,19,8315,2518
"TTATTAGGGAAGCATC-1","TTATTAGGGAAGCATC-1",1,15,59,3047,5270
"TCAACAAAGATAATTC-1","TCAACAAAGATAATTC-1",1,53,29,7596,3206
"TTGGATCGACTTCTGG-1","TTGGATCGACTTCTGG-1",1,10,60,2448,5339
"GTGTCGTATAGCGTTC-1","GTGTCGTATAGCGTTC-1",1,54,76,7716,6440
"CAGACCTGTAAGTGTT-1","CAGACCTGTAAGTGTT-1",1,31,99,4962,8022
"CATAGTCCACAAGAAC-1","CATAGTCCACAAGAAC-1",1,45,31,6639,3344
"GTTGTCGTGTTAGTTG-1","GTTGTCGTGTTAGTTG-1",1,15,47,3047,4444
"GGGCGTTTACATTCAT-1","GGGCGTTTACATTCAT-1",1,66,26,9153,3000
"CAATGGTCGGCCTGGG-1","CAATGGTCGGCCTGGG-1",1,6,56,1970,5063
"GATAGGTAACGTTGAC-1","GATAGGTAACGTTGAC-1",1,48,60,6998,5339
"CTAAATCCTATTCCGG-1","CTAAATCCTATTCCGG-1",1,26,84,4364,6990
"TCCTAGCAAAGAAGCT-1","TCCTAGCAAAGAAGCT-1",1,41,41,6160,4032
"AAGGAGCGGTTGGTGC-1","AAGGAGCGGTTGGTGC-1",1,28,48,4603,4513
"CGGTTATCCAACAGTG-1","CGGTTATCCAACAGTG-1",1,30,98,4843,7953
"ATGCTCTGGCGCGGTA-1","ATGCTCTGGCGCGGTA-1",1,60,76,8434,6440
"TTGCCTAATCCAAAGT-1","TTGCCTAATCCAAAGT-1",1,69,21,9512,2656
"TGCGCGATTAACGGAG-1","TGCGCGATTAACGGAG-1",1,27,41,4484,4032
"AAATAGCTTAGACTTT-1","AAATAGCTTAGACTTT-1",1,36,106,5561,8504
"CTCCCTCCTTTCGATC-1","CTCCCTCCTTTCGATC-1",1,51,23,7357,2793
"ATCTAATATCCTACGG-1","ATCTAATATCCTACGG-1",1,55,67,7836,5821
"CGGTACTAGAATCAAA-1","CGGTACTAGAATCAAA-1",1,43,83,6399,6921
"GGGACCCGTATATCTT-1","GGGACCCGTATATCTT-1",1,57,53,8075,4857
"ATACCACGGGCAACTT-1","ATACCACGGGCAACTT-1",1,35,29,5441,3206
"CTTCCGCTCCGTGAAG-1","CTTCCGCTCCGTGAAG-1",1,56,50,7956,4651
"CTTTAGTGCTATTATT-1","CTTTAGTGCTATTATT-1",1,44,64,6519,5614
"CCAATTGAATGTTAAT-1","CCAATTGAATGTTAAT-1",1,20,46,3646,4376
"TTACAGACCTAAATGA-1","TTACAGACCTAAATGA-1",1,26,96,4364,7816
"ACGCGCTACACAGGGT-1","ACGCGCTACACAGGGT-1",1,41,31,6160,3344
"GAACCATCTGGGAGAC-1","GAACCATCTGGGAGAC-1",1,4,54,1730,4926
"GTATGAAATTTCACTC-1","GTATGAAATTTCACTC-1",1,52,22,7477,2724
"GAACCTTTAACGATCC-1","GAACCTTTAACGATCC-1",1,63,79,8793,6646
"TATCCATATCATGCGA-1","TATCCATATCATGCGA-1",1,18,52,3406,4788
"GGCGCGTTCGAGTTTA-1","GGCGCGTTCGAGTTTA-1",1,47,59,6878,5270
"CCTGTCACCCGGGCTC-1","CCTGTCACCCGGGCTC-1",1,29,67,4723,5820
"CTATGTGAGTCACGGC-1","CTATGTGAGTCACGGC-1",1,45,17,6639,2380
"ACGTAGATTGCTGATG-1","ACGTAGATTGCTGATG-1",1,33,67,5202,5820
"GATTACTGAATTTGGG-1","GATTACTGAATTTGGG-1",1,41,39,6160,3894
"GCGCCGTTCCACGATA-1","GCGCCGTTCCACGATA-1",1,41,65,6160,5683
"GGGTAATGCTGTGTTT-1","GGGTAATGCTGTGTTT-1",1,9,21,2329,2655
"TTCAACGACCCGACCG-1","TTCAACGACCCGACCG-1",1,20,48,3646,4513
"CACCTAATCAGTTTAC-1","CACCTAATCAGTTTAC-1",1,20,72,3646,6164
"TCCCGTGTGCAATTTG-1","TCCCGTGTGCAATTTG-1",1,44,80,6519,6715
"TTGTATCACACAGAAT-1","TTGTATCACACAGAAT-1",1,12,74,2688,6302
"GCTGCTAAGTAGTCGA-1","GCTGCTAAGTAGTCGA-1",1,56,56,7955,5064
"ATTCTCGTCTCTTTAG-1","ATTCTCGTCTCTTTAG-1",1,11,51,2568,4719
"CCCGGTGTATCGGAAT-1","CCCGGTGTATCGGAAT-1",1,53,17,7596,2380
"TGTACGAACAAATCCG-1","TGTACGAACAAATCCG-1",1,38,58,5801,5201
"GGATGTCCTTACCGCA-1","GGATGTCCTTACCGCA-1",1,35,91,5441,7472
"GTCATGCACCTCCGTT-1","GTCATGCACCTCCGTT-1",1,29,61,4723,5408
"AATGCAACCGGGTACC-1","AATGCAACCGGGTACC-1",1,25,59,4244,5270
"GCTAACTGAAGTCTGA-1","GCTAACTGAAGTCTGA-1",1,58,88,8195,7265
"CTCCGCCCACATGAGG-1","CTCCGCCCACATGAGG-1",1,43,39,6399,3894
"TCTACCGTCCACAAGC-1","TCTACCGTCCACAAGC-1",1,27,67,4484,5820
"AAGAGCTCTTTATCGG-1","AAGAGCTCTTTATCGG-1",1,35,77,5441,6508
"CATAGTAGCATAGTAG-1","CATAGTAGCATAGTAG-1",1,19,45,3526,4307
"TGGGCCACAAGAGCGC-1","TGGGCCACAAGAGCGC-1",1,18,72,3406,6164
"CTTAGTGTAGTAGCAT-1","CTTAGTGTAGTAGCAT-1",1,61,83,8554,6921
"TTGTTTGTGTAAATTC-1","TTGTTTGTGTAAATTC-1",1,7,51,2089,4719
"GGGTTAACATTTGAGT-1","GGGTTAACATTTGAGT-1",1,54,50,7716,4651
"CGGCAGGGTCGGGTTG-1","CGGCAGGGTCGGGTTG-1",1,32,94,5082,7678
"CGGTGCGCGTTGGTCC-1","CGGTGCGCGTTGGTCC-1",1,49,39,7118,3894
"ATTATACTTTGCTCGT-1","ATTATACTTTGCTCGT-1",1,18,78,3406,6577
"CATCATTACCCTGAGG-1","CATCATTACCCTGAGG-1",1,52,94,7477,7678
"CCCTTTGACAGGTCTT-1","CCCTTTGACAGGTCTT-1",1,50,56,7237,5064
"GAGCCACGGTAGTAGG-1","GAGCCACGGTAGTAGG-1",1,9,47,2329,4444
"TGTCGTTATCACATAT-1","TGTCGTTATCACATAT-1",1,61,15,8554,2243
"GAGTCAGACCAGAATC-1","GAGTCAGACCAGAATC-1",1,56,48,7956,4513
"TGTTGTCAAGAAGTCT-1","TGTTGTCAAGAAGTCT-1",1,24,82,4124,6852
"TATACACAGACGCCTT-1","TATACACAGACGCCTT-1",1,50,60,7237,5339
"CGATCCGACCCAGTGC-1","CGATCCGACCCAGTGC-1",1,38,50,5801,4651
"TGGTCCCACGCTACGG-1","TGGTCCCACGCTACGG-1",1,52,74,7477,6302
"TATTCGTGCCAGAATA-1","TATTCGTGCCAGAATA-1",1,34,64,5322,5614
"TAAGGCAACATAAGAT-1","TAAGGCAACATAAGAT-1",1,25,71,4244,6096
"CTGTTCATCTCACGGG-1","CTGTTCATCTCACGGG-1",1,22,34,3885,3550
"CTGAAAGAGATCCGAC-1","CTGAAAGAGATCCGAC-1",1,19,69,3526,5958
"TATTCCACTCAGCTCG-1","TATTCCACTCAGCTCG-1",1,49,57,7117,5132
"ATAGGGATATCCTTGA-1","ATAGGGATATCCTTGA-1",1,21,71,3765,6096
"TCACGATGTCCGTGGA-1","TCACGATGTCCGTGGA-1",1,52,28,7477,3137
"GCCCAGTTGGTATGCC-1","GCCCAGTTGGTATGCC-1",1,22,38,3885,3825
"ACCCTTCATCTGCGAA-1","ACCCTTCATCTGCGAA-1",1,13,65,2808,5683
"CGTCGTCCTTCGCGAA-1","CGTCGTCCTTCGCGAA-1",1,56,76,7955,6440
"CTCTGCGAAGCAAGCA-1","CTCTGCGAAGCAAGCA-1",1,12,50,2688,4651
"CAGAACTTAGCCCTCT-1","CAGAACTTAGCCCTCT-1",1,53,85,7596,7059
"AGTTCCTACAGAATTA-1","AGTTCCTACAGAATTA-1",1,30,50,4843,4651
"AAGACTAACCCGTTGT-1","AAGACTAACCCGTTGT-1",1,5,27,1850,3068
"GTGTACCTTGGCTACG-1","GTGTACCTTGGCTACG-1",1,26,78,4364,6577
"TCGCATTCAATGACTT-1","TCGCATTCAATGACTT-1",1,9,37,2329,3756
"ATAATAGCTGTTGAAT-1","ATAATAGCTGTTGAAT-1",1,47,63,6878,5545
"CTAGATAAACTCCTCG-1","CTAGATAAACTCCTCG-1",1,7,25,2089,2931
"CCTGTAAGACATGATA-1","CCTGTAAGACATGATA-1",1,37,41,5681,4032
"ACTTGACTCCCTCTTT-1","ACTTGACTCCCTCTTT-1",1,42,72,6279,6164
"CCTATATTTGTCCTGG-1","CCTATATTTGTCCTGG-1",1,62,52,8674,4788
"GTGGAACCTACATGCG-1","GTGGAACCTACATGCG-1",1,15,81,3047,6784
"CGTTTCGCTCATTACA-1","CGTTTCGCTCATTACA-1",1,35,49,5441,4582
"CTATTTGGTTACGGAT-1","CTATTTGGTTACGGAT-1",1,36,82,5561,6852
"ACGGACTCTCAAAGCG-1","ACGGACTCTCAAAGCG-1",1,61,75,8554,6371
"CATCCTCTCAAAGATC-1","CATCCTCTCAAAGATC-1",1,54,92,7716,7541
"ATGCCGGTTGATGGGA-1","ATGCCGGTTGATGGGA-1",1,19,83,3526,6921
"AGTGCACGCTTAAGAA-1","AGTGCACGCTTAAGAA-1",1,52,96,7477,7816
"AATAGTCCGTCCCGAC-1","AATAGTCCGTCCCGAC-1",1,57,57,8075,5132
"CACACAGGGATAGATT-1","CACACAGGGATAGATT-1",1,25,27,4244,3068
"CAAATGTCCTTCCGTG-1","CAAATGTCCTTCCGTG-1",1,45,53,6639,4857
"CAACGGTTCTTGATAC-1","CAACGGTTCTTGATAC-1",1,18,38,3406,3825
"AAACGAAGAACATACC-1","AAACGAAGAACATACC-1",1,6,64,1970,5614
"CCAAGCGTAACTCGTA-1","CCAAGCGTAACTCGTA-1",1,33,71,5202,6096
"AAGCCGCCGTGAAATC-1","AAGCCGCCGTGAAATC-1",1,65,23,9033,2793
"ACAACGGTCCCTGCGA-1","ACAACGGTCCCTGCGA-1",1,22,30,3885,3275
"AATATTGGAGTATTGA-1","AATATTGGAGTATTGA-1",1,36,22,5561,2724
"TTGACTACCATATGGT-1","TTGACTACCATATGGT-1",1,43,41,6399,4032
"GTCCTACGAATAGTCT-1","GTCCTACGAATAGTCT-1",1,53,91,7596,7472
"CTTTGGCGCTTTATAC-1","CTTTGGCGCTTTATAC-1",1,32,18,5082,2449
"TATTTGTTACCCTTTA-1","TATTTGTTACCCTTTA-1",1,24,46,4125,4376
"CTTCAACTCCACTTGG-1","CTTCAACTCCACTTGG-1",1,59,77,8315,6509
"GGCTGAAATAGCAAAG-1","GGCTGAAATAGCAAAG-1",1,49,79,7117,6646
"CACGTTCGTGCTCTAG-1","CACGTTCGTGCTCTAG-1",1,37,81,5681,6784
"CAATGGATCTCTACCA-1","CAATGGATCTCTACCA-1",1,28,86,4603,7128
"CACGTCGGCAACCTCT-1","CACGTCGGCAACCTCT-1",1,49,37,7118,3756
"ACGGCGACGATGGGAA-1","ACGGCGACGATGGGAA-1",1,49,77,7117,6509
"CGGTCTATCAACCCGT-1","CGGTCTATCAACCCGT-1",1,18,82,3406,6852
"GTAGACACGCCTGACT-1","GTAGACACGCCTGACT-1",1,63,67,8793,5821
"AATTAAAGGTCGGCGT-1","AATTAAAGGTCGGCGT-1",1,40,50,6040,4651
"GCTAGACCGTCTACTG-1","GCTAGACCGTCTACTG-1",1,42,104,6279,8366
"CGATATTAGCCGCAGG-1","CGATATTAGCCGCAGG-1",1,7,35,2089,3619
"ATCAATCTGGGCTGCA-1","ATCAATCTGGGCTGCA-1",1,33,65,5202,5683
"AGTGATTCAAGCAGGA-1","AGTGATTCAAGCAGGA-1",1,33,87,5202,7196
"GATCGACACTATCTGA-1","GATCGACACTATCTGA-1",1,27,47,4484,4444
"GCTCTATGTTACGTGC-1","GCTCTATGTTACGTGC-1",1,26,40,4364,3963
"AGTAGGTAACATACAT-1","AGTAGGTAACATACAT-1",1,13,51,2808,4719
"CTATAAGAGCCAATCG-1","CTATAAGAGCCAATCG-1",1,26,100,4364,8091
"CGAATGACGCATAATG-1","CGAATGACGCATAATG-1",1,63,57,8794,5133
"ATCGGAGACAGACGGC-1","ATCGGAGACAGACGGC-1",1,52,76,7477,6440
"TCAACGAGGAGACAAA-1","TCAACGAGGAGACAAA-1",1,42,56,6279,5064
"AGACCCGCCCTCCTCG-1","AGACCCGCCCTCCTCG-1",1,26,56,4364,5064
"CAACTATATCGAATGC-1","CAACTATATCGAATGC-1",1,15,79,3047,6646
"CACATCTCACCGACGA-1","CACATCTCACCGACGA-1",1,57,75,8075,6371
"GCTAGTTTCATTGAGG-1","GCTAGTTTCATTGAGG-1",1,17,37,3287,3756
"ACGGCACTTGCTTGGG-1","ACGGCACTTGCTTGGG-1",1,52,60,7477,5339
"CCGATCTCAACCTTAT-1","CCGATCTCAACCTTAT-1",1,37,101,5681,8160
"AAATTGCGGCGGTTCT-1","AAATTGCGGCGGTTCT-1",1,5,19,1850,2518
"TAAGTCGCCGAGTATC-1","TAAGTCGCCGAGTATC-1",1,54,32,7716,3412
"AGGACAGTCGAATCCC-1","AGGACAGTCGAATCCC-1",1,43,85,6399,7059
"ACAGGCTTGCCCGACT-1","ACAGGCTTGCCCGACT-1",1,53,87,7596,7197
"ACCAGTGCGGGAGACG-1","ACCAGTGCGGGAGACG-1",1,48,94,6998,7678
"TGTAGGAGAAATTTCC-1","TGTAGGAGAAATTTCC-1",1,34,86,5322,7128
"TTCCTTTCTGTGTTGC-1","TTCCTTTCTGTGTTGC-1",1,11,25,2568,2931
"TGGGCACAAACAGAAC-1","TGGGCACAAACAGAAC-1",1,8,46,2209,4375
"ATAAGTAGGATTCAGA-1","ATAAGTAGGATTCAGA-1",1,27,103,4484,8297
"ATTGGATTACAGCGTA-1","ATTGGATTACAGCGTA-1",1,54,102,7716,8229
"TGATTCCCGGTTACCT-1","TGATTCCCGGTTACCT-1",1,64,50,8913,4651
"TATCACAGCACGGGCA-1","TATCACAGCACGGGCA-1",1,4,64,1730,5614
"GGCACTCCACTGGGCA-1","GGCACTCCACTGGGCA-1",1,34,46,5322,4376
"GCCCGACTTCTTCCCG-1","GCCCGACTTCTTCCCG-1",1,49,25,7118,2931
"TCCGATTACATTGCCG-1","TCCGATTACATTGCCG-1",1,32,32,5082,3412
"TTCCGGTTACCCACTT-1","TTCCGGTTACCCACTT-1",1,45,87,6639,7197
"CCTGAACGATATATTC-1","CCTGAACGATATATTC-1",1,37,85,5681,7059
"GCGGTGAACTGCGCTC-1","GCGGTGAACTGCGCTC-1",1,20,94,3646,7678
"ACTGTCCAGGATTATA-1","ACTGTCCAGGATTATA-1",1,33,55,5202,4995
"TAGGTGCTCGCCTAGC-1","TAGGTGCTCGCCTAGC-1",1,40,86,6040,7128
"GACTACAAAGCGGTGG-1","GACTACAAAGCGGTGG-1",1,49,21,7118,2656
"CTGAGCAAGTAACAAG-1","CTGAGCAAGTAACAAG-1",1,15,25,3047,2931
"TACGCAGTTCTTTCCT-1","TACGCAGTTCTTTCCT-1",1,41,51,6160,4720
"ACCGCAATAACTGCCT-1","ACCGCAATAACTGCCT-1",1,51,79,7357,6646
"CGTGTCCCATTCGCGA-1","CGTGTCCCATTCGCGA-1",1,28,40,4603,3963
"GTACGCTTCATTGCAC-1","GTACGCTTCATTGCAC-1",1,46,72,6758,6164
"CTGGCGACATAAGTCC-1","CTGGCGACATAAGTCC-1",1,17,81,3286,6784
"ACAAGGATGCTTTAGG-1","ACAAGGATGCTTTAGG-1",1,61,87,8554,7197
"GCTCCTGACATACTGG-1","GCTCCTGACATACTGG-1",1,56,32,7956,3412
"CACGAAAGTTAGTCCC-1","CACGAAAGTTAGTCCC-1",1,33,29,5202,3206
"TAATAAACAAGGAGAT-1","TAATAAACAAGGAGAT-1",1,17,91,3286,7472
"GGTGATAAGGAGCAGT-1","GGTGATAAGGAGCAGT-1",1,37,79,5681,6646
"TCGGAATGCGCTCTGA-1","TCGGAATGCGCTCTGA-1",1,30,28,4843,3137
"GACGCTTGCTTCTAAA-1","GACGCTTGCTTCTAAA-1",1,38,36,5801,3688
"CCATCGCAGTTAAACT-1","CCATCGCAGTTAAACT-1",1,50,62,7237,5476
"ACCCTCCCTTGCTATT-1","ACCCTCCCTTGCTATT-1",1,48,84,6998,6990
"CAACTGCTCATCCGAT-1","CAACTGCTCATCCGAT-1",1,59,55,8315,4995
"ACTATTTCCGGGCCCA-1","ACTATTTCCGGGCCCA-1",1,59,41,8315,4032
"CATCTTACACCACCTC-1","CATCTTACACCACCTC-1",1,37,99,5681,8022
"GGCCCTCACCCACTTA-1","GGCCCTCACCCACTTA-1",1,37,23,5681,2793
"AAAGTCACTGATGTAA-1","AAAGTCACTGATGTAA-1",1,10,52,2449,4788
"GAACACACATCAACCA-1","GAACACACATCAACCA-1",1,22,50,3885,4651
"CCGCTTACCTCACTCT-1","CCGCTTACCTCACTCT-1",1,47,35,6878,3619
"CTTTACCGAATAGTAG-1","CTTTACCGAATAGTAG-1",1,50,84,7237,6990
"AGGACGACCCATTAGA-1","AGGACGACCCATTAGA-1",1,43,45,6399,4307
"GGAATAACCTCAAGAA-1","GGAATAACCTCAAGAA-1",1,6,60,1970,5339
"AACCCTACTGTCAATA-1","AACCCTACTGTCAATA-1",1,40,96,6040,7816
"CTCGAGGCAAGTTTCA-1","CTCGAGGCAAGTTTCA-1",1,72,32,9871,3412
"CAGTGTCGGCTGGCCC-1","CAGTGTCGGCTGGCCC-1",1,52,92,7477,7541
"GGCATACAGGTAGCGG-1","GGCATACAGGTAGCGG-1",1,34,32,5322,3412
"CATAATGAGCGGGCGA-1","CATAATGAGCGGGCGA-1",1,6,46,1970,4375
"TTATCCAATCGAACTC-1","TTATCCAATCGAACTC-1",1,13,33,2808,3481
"AGCGACAGGAACGGTC-1","AGCGACAGGAACGGTC-1",1,51,37,7357,3756
"AGAGAACCGTCTAGGA-1","AGAGAACCGTCTAGGA-1",1,26,88,4364,7265
"CGCGCCCGACTTAATA-1","CGCGCCCGACTTAATA-1",1,21,75,3765,6371
"GTGACTTCAGTAGTGC-1","GTGACTTCAGTAGTGC-1",1,46,50,6758,4651
"CACTCAAGAGCTATGG-1","CACTCAAGAGCTATGG-1",1,39,57,5920,5132
"AACCCTGGTGGAACCA-1","AACCCTGGTGGAACCA-1",1,8,70,2209,6027
"AGTCTCACAAGACTAC-1","AGTCTCACAAGACTAC-1",1,54,30,7716,3275
"CCTCGGTTTCCTTGCC-1","CCTCGGTTTCCTTGCC-1",1,70,38,9632,3825
"AGTTTGGCACGGGTTG-1","AGTTTGGCACGGGTTG-1",1,48,102,6998,8229
"CTGGTAACGAGCTCTT-1","CTGGTAACGAGCTCTT-1",1,29,97,4723,7884
"AGAGTAAACTTCACTA-1","AGAGTAAACTTCACTA-1",1,48,106,6998,8504
"GGAGTGCCGCCCTGGA-1","GGAGTGCCGCCCTGGA-1",1,19,53,3526,4857
"CACTCAGCTCTTGAGG-1","CACTCAGCTCTTGAGG-1",1,11,71,2568,6096
"AGAGAAGGAGTACAAT-1","AGAGAAGGAGTACAAT-1",1,58,34,8195,3550
"TGTGCCGGTGCCGGAA-1","TGTGCCGGTGCCGGAA-1",1,53,97,7596,7885
"TAAGCAGGCGACACGC-1","TAAGCAGGCGACACGC-1",1,35,19,5442,2518
"TGTGGTTGCTAAAGCT-1","TGTGGTTGCTAAAGCT-1",1,65,49,9033,4582
"ATTAATACTACGCGGG-1","ATTAATACTACGCGGG-1",1,22,66,3885,5752
"CATACTATGTAATTGT-1","CATACTATGTAATTGT-1",1,36,48,5561,4513
"ATACCTAACCAAGAAA-1","ATACCTAACCAAGAAA-1",1,58,64,8195,5614
"TGCCATTACTAAAGAA-1","TGCCATTACTAAAGAA-1",1,21,87,3765,7196
"TATTTATACCGAGTAG-1","TATTTATACCGAGTAG-1",1,16,78,3167,6577
"ATATTCCCACAGGTCA-1","ATATTCCCACAGGTCA-1",1,11,59,2568,5270
"AAATCTAGCCCTGCTA-1","AAATCTAGCCCTGCTA-1",1,53,101,7596,8160
"TTCAGAGTAACCTGAC-1","TTCAGAGTAACCTGAC-1",1,6,22,1970,2724
"TAGCTAAGTCCGGGAG-1","TAGCTAAGTCCGGGAG-1",1,29,57,4723,5132
"ATTTGTTCCAGGGCTC-1","ATTTGTTCCAGGGCTC-1",1,19,71,3526,6096
"CATGAACCTCTTATCA-1","CATGAACCTCTTATCA-1",1,5,69,1850,5958
"GTGGCGGTCCCAGCGT-1","GTGGCGGTCCCAGCGT-1",1,40,20,6040,2587
"ACAACAGCATGAGCTA-1","ACAACAGCATGAGCTA-1",1,32,72,5082,6164
"TTGCGTCGGCCAACCG-1","TTGCGTCGGCCAACCG-1",1,51,41,7357,4032
"GTGGAGTCGGCGGTTG-1","GTGGAGTCGGCGGTTG-1",1,54,38,7716,3825
"CGCAATTAGGGTAATA-1","CGCAATTAGGGTAATA-1",1,28,44,4603,4238
"GAAAGCCCTTTGGACC-1","GAAAGCCCTTTGGACC-1",1,35,21,5442,2655
"CCATTTCTACCTATTA-1","CCATTTCTACCTATTA-1",1,55,71,7836,6096
"ATTATTATGTCCGTCA-1","ATTATTATGTCCGTCA-1",1,59,37,8315,3756
"AGCTTATAGAGACCTG-1","AGCTTATAGAGACCTG-1",1,5,47,1850,4444
"TTATCCTCAAGGAATA-1","TTATCCTCAAGGAATA-1",1,52,18,7477,2449
"AGGTGGTGACCTTCGC-1","AGGTGGTGACCTTCGC-1",1,64,56,8913,5064
"TAAGTAACATCTTGAC-1","TAAGTAACATCTTGAC-1",1,46,40,6758,3963
"AGTGTATTGCGCATTG-1","AGTGTATTGCGCATTG-1",1,17,95,3286,7747
"CCACCAACTTTACTGT-1","CCACCAACTTTACTGT-1",1,52,40,7477,3963
"TTCTTGGAGTAATGAG-1","TTCTTGGAGTAATGAG-1",1,21,79,3765,6646
"GGGCTGGTTAGTCGCG-1","GGGCTGGTTAGTCGCG-1",1,31,51,4963,4720
"TGTGGCGGGCTTCTGG-1","TGTGGCGGGCTTCTGG-1",1,65,59,9033,5270
"CATATGTCAGGCTACG-1","CATATGTCAGGCTACG-1",1,48,24,6998,2862
"GGATACTCATGAATTG-1","GGATACTCATGAATTG-1",1,9,45,2329,4307
"TTATTAGAGCGTGTTC-1","TTATTAGAGCGTGTTC-1",1,46,70,6758,6027
"ACCGAAAGGGCCCTGC-1","ACCGAAAGGGCCCTGC-1",1,9,53,2329,4857
"GGGCCGGCCGAAGTAC-1","GGGCCGGCCGAAGTAC-1",1,36,84,5561,6990
"CCTTTAAGGGAGCACT-1","CCTTTAAGGGAGCACT-1",1,58,50,8195,4651
"GTCATGGACATGACTA-1","GTCATGGACATGACTA-1",1,26,62,4364,5476
"ATCACGTGCTAATTAA-1","ATCACGTGCTAATTAA-1",1,46,36,6758,3688
"TTCTTGGACGATCTGC-1","TTCTTGGACGATCTGC-1",1,52,32,7477,3412
"AACGCTGTTGCTGAAA-1","AACGCTGTTGCTGAAA-1",1,54,94,7716,7678
"TGAGCCATACAGTCTC-1","TGAGCCATACAGTCTC-1",1,42,38,6279,3825
"AAACGGTTGCGAACTG-1","AAACGGTTGCGAACTG-1",1,67,59,9272,5270
"GTTTACGTTCCATCTG-1","GTTTACGTTCCATCTG-1",1,48,64,6998,5614
"CGCTACGGGACATTTA-1","CGCTACGGGACATTTA-1",1,38,48,5801,4513
"CAGGATATATCGTTGT-1","CAGGATATATCGTTGT-1",1,44,60,6519,5339
"AACCTTTAAATACGGT-1","AACCTTTAAATACGGT-1",1,54,68,7716,5889
"CTCGTTACGGCTACCA-1","CTCGTTACGGCTACCA-1",1,70,40,9632,3963
"TATGATTCTGCTTGGT-1","TATGATTCTGCTTGGT-1",1,5,35,1850,3619
"AAATTAACGGGTAGCT-1","AAATTAACGGGTAGCT-1",1,34,58,5322,5201
"TTACCGCCTTAGGGAA-1","TTACCGCCTTAGGGAA-1",1,11,21,2568,2655
"CATACGAACTAGCTGG-1","CATACGAACTAGCTGG-1",1,65,31,9033,3344
"AGTGAGCCTCGCCGCC-1","AGTGAGCCTCGCCGCC-1",1,29,103,4723,8297
"AAAGGCTCTCGCGCCG-1","AAAGGCTCTCGCGCCG-1",1,55,55,7836,4995
"AGTCTTCTCCTCAAAT-1","AGTCTTCTCCTCAAAT-1",1,24,66,4125,5752
"GAGACTGATGGGTAGA-1","GAGACTGATGGGTAGA-1",1,28,56,4603,5064
"TCGTCAAGTACGCGCA-1","TCGTCAAGTACGCGCA-1",1,56,38,7956,3825
"GGGAACGGTTTCAGAT-1","GGGAACGGTTTCAGAT-1",1,64,32,8913,3412
"AGTCGTCGACCACCAA-1","AGTCGTCGACCACCAA-1",1,57,91,8075,7472
"GAGGTACATCCATCTT-1","GAGGTACATCCATCTT-1",1,12,68,2688,5889
"TCCTCTCCAGTTGTCC-1","TCCTCTCCAGTTGTCC-1",1,30,20,4843,2587
"GGGTTCAGACGAACAA-1","GGGTTCAGACGAACAA-1",1,19,19,3526,2518
"TGTACCTACACGAGGG-1","TGTACCTACACGAGGG-1",1,59,91,8315,7472
"GGTAGTGCTCGCACCA-1","GGTAGTGCTCGCACCA-1",1,34,72,5322,6164
"CGTGCTTCTACCTAAA-1","CGTGCTTCTACCTAAA-1",1,62,28,8674,3137
"CAACTTGTAGTGGGCA-1","CAACTTGTAGTGGGCA-1",1,9,41,2329,4031
"GATTAACCGAAAGCCC-1","GATTAACCGAAAGCCC-1",1,55,93,7836,7609
"AGTGAGACTTCCAGTA-1","AGTGAGACTTCCAGTA-1",1,35,87,5441,7196
"CAAATCTCTCACAAGG-1","CAAATCTCTCACAAGG-1",1,44,24,6519,2862
"GGCAATAGTCAATGAG-1","GGCAATAGTCAATGAG-1",1,30,70,4843,6027
"GTTTCCTGGAGGGTGA-1","GTTTCCTGGAGGGTGA-1",1,25,49,4244,4582
"CACGCAGCGAGGCTTT-1","CACGCAGCGAGGCTTT-1",1,31,43,4963,4169
"ATCCAGGATTCGTGAA-1","ATCCAGGATTCGTGAA-1",1,40,46,6040,4376
"CTAAAGAATGCCTACT-1","CTAAAGAATGCCTACT-1",1,36,36,5561,3688
"TCCAACTTTAAATTCT-1","TCCAACTTTAAATTCT-1",1,40,40,6040,3963
"GATATTTCCTACATGG-1","GATATTTCCTACATGG-1",1,17,89,3286,7334
"CAAGTGTGGTTGCAAA-1","CAAGTGTGGTTGCAAA-1",1,40,94,6040,7678
"CTCTGCAGGCATTCTT-1","CTCTGCAGGCATTCTT-1",1,71,23,9751,2793
"GGTTTAGCCTTTCTTG-1","GGTTTAGCCTTTCTTG-1",1,46,102,6758,8229
"GTCAAAGTTTACATAG-1","GTCAAAGTTTACATAG-1",1,13,29,2808,3206
"TCTGTGGCTACATTTC-1","TCTGTGGCTACATTTC-1",1,3,47,1611,4444
"AGCCCTCCCTGGTGGC-1","AGCCCTCCCTGGTGGC-1",1,67,29,9272,3206
"ATAATCTTGGAGAACC-1","ATAATCTTGGAGAACC-1",1,61,77,8554,6509
"CGGTAGAGGTGCAGGT-1","CGGTAGAGGTGCAGGT-1",1,22,92,3885,7540
"CGGAGCATGGCGATCC-1","CGGAGCATGGCGATCC-1",1,39,67,5920,5820
"AATAACAACGCTCGGC-1","AATAACAACGCTCGGC-1",1,36,30,5561,3275
"CAGACGAACCTGATAC-1","CAGACGAACCTGATAC-1",1,50,50,7237,4651
"CACGCACAGCGCAGCT-1","CACGCACAGCGCAGCT-1",1,24,72,4125,6164
"CCTCATGCAGCTACGA-1","CCTCATGCAGCTACGA-1",1,10,30,2449,3275
"GCGGAGAGGGAGAACG-1","GCGGAGAGGGAGAACG-1",1,46,78,6758,6577
"ATATCTTAGGGCCTTC-1","ATATCTTAGGGCCTTC-1",1,35,61,5441,5408
"ATCCAGAGCAACAACC-1","ATCCAGAGCAACAACC-1",1,50,52,7237,4788
"GGGTGTTTCAGCTATG-1","GGGTGTTTCAGCTATG-1",1,16,68,3167,5889
"TGCAGATCGTCCTAGG-1","TGCAGATCGTCCTAGG-1",1,42,18,6280,2449
"TCGCTACTGGCTTTGA-1","TCGCTACTGGCTTTGA-1",1,65,73,9033,6233
"ACTTATACTTACCCGG-1","ACTTATACTTACCCGG-1",1,36,90,5561,7403
"GCCTATTTGCTACACA-1","GCCTATTTGCTACACA-1",1,8,50,2209,4651
"AAGAGGATGTACGCGA-1","AAGAGGATGTACGCGA-1",1,39,29,5920,3206
"TGTCCCGACATAGCAC-1","TGTCCCGACATAGCAC-1",1,11,57,2568,5132
"CAAACGAGTATCGCAG-1","CAAACGAGTATCGCAG-1",1,47,47,6878,4444
"AAAGACCCAAGTCGCG-1","AAAGACCCAAGTCGCG-1",1,10,48,2449,4513
"TGCCAGTACGTGGAGA-1","TGCCAGTACGTGGAGA-1",1,51,71,7357,6096
"TTGTTTCACATCCAGG-1","TTGTTTCACATCCAGG-1",1,58,42,8195,4100
"GATTCCCTTGTCGCAG-1","GATTCCCTTGTCGCAG-1",1,25,67,4244,5820
"AACGCGGTCTCCAGCC-1","AACGCGGTCTCCAGCC-1",1,23,65,4005,5683
"AGCTCTTTACTCAGTT-1","AGCTCTTTACTCAGTT-1",1,41,45,6160,4307
"TTGCTGATCATGTTCG-1","TTGCTGATCATGTTCG-1",1,33,57,5202,5132
"TCTCGGCTCCAGGACT-1","TCTCGGCTCCAGGACT-1",1,13,23,2808,2793
"GTCAGAATAGTCTATG-1","GTCAGAATAGTCTATG-1",1,30,32,4843,3412
"CTTGCCCAGGCTCTAC-1","CTTGCCCAGGCTCTAC-1",1,45,55,6639,4995
"GAGATGGGAGTCGACA-1","GAGATGGGAGTCGACA-1",1,52,72,7477,6165
"GAAATTGTCTCTATAA-1","GAAATTGTCTCTATAA-1",1,43,53,6399,4857
"CTAAGGGAATGATTGG-1","CTAAGGGAATGATTGG-1",1,44,72,6519,6164
"TTGATTATGCAGATGA-1","TTGATTATGCAGATGA-1",1,27,33,4484,3481
"TGCAGGATCGGCAAAG-1","TGCAGGATCGGCAAAG-1",1,24,74,4125,6302
"TGCGTCATGACTGAGC-1","TGCGTCATGACTGAGC-1",1,53,21,7596,2656
"TCACAGGAGAATAAGA-1","TCACAGGAGAATAAGA-1",1,55,49,7836,4582
"TTAGAGTTTAGAAGGA-1","TTAGAGTTTAGAAGGA-1",1,46,86,6758,7128
"ACACACTTTCTACACG-1","ACACACTTTCTACACG-1",1,14,64,2927,5614
"GTTCGTCTAAAGAACT-1","GTTCGTCTAAAGAACT-1",1,51,89,7357,7334
"AACGATAATGCCGTAG-1","AACGATAATGCCGTAG-1",1,53,73,7596,6233
"AGGCCTGAGAATCTCG-1","AGGCCTGAGAATCTCG-1",1,62,88,8674,7265
"CCAGTAGTCTGATCCA-1","CCAGTAGTCTGATCCA-1",1,27,91,4484,7472
"CTGCACAACTACATAT-1","CTGCACAACTACATAT-1",1,50,76,7237,6440
"GATGCCAGCAGAAGGC-1","GATGCCAGCAGAAGGC-1",1,23,17,4005,2380
"GCACAAGTGTCGGAAG-1","GCACAAGTGTCGGAAG-1",1,10,64,2448,5614
"CGCACATGTCCACTAC-1","CGCACATGTCCACTAC-1",1,39,87,5920,7197
"AGGTAACCTCCTATTC-1","AGGTAACCTCCTATTC-1",1,13,41,2808,4031
"TTGACGATTCAGCACG-1","TTGACGATTCAGCACG-1",1,9,51,2329,4719
"ATAGGCGGCTATAGAA-1","ATAGGCGGCTATAGAA-1",1,43,33,6399,3481
"ATCTCCCTGCAATCTA-1","ATCTCCCTGCAATCTA-1",1,16,72,3167,6164
"AACGATATGTCAACTG-1","AACGATATGTCAACTG-1",1,24,76,4124,6440
"TAGAGATCATGCAACT-1","TAGAGATCATGCAACT-1",1,44,26,6519,3000
"AACGCGACCTTGGGCG-1","AACGCGACCTTGGGCG-1",1,67,53,9272,4857
"GGTTTGAGTGCTGGAA-1","GGTTTGAGTGCTGGAA-1",1,12,42,2688,4100
"TCTTACCGGAACTCGT-1","TCTTACCGGAACTCGT-1",1,21,91,3765,7472
"TTCTACTTGCGAGGGC-1","TTCTACTTGCGAGGGC-1",1,22,32,3885,3412
"TTACCCATTGCCGGGT-1","TTACCCATTGCCGGGT-1",1,17,85,3286,7059
"ACTACATCCCGACAAG-1","ACTACATCCCGACAAG-1",1,63,17,8794,2380
"GAAGCTTGCTGACCGC-1","GAAGCTTGCTGACCGC-1",1,29,35,4723,3619
"TAGATCCGAAGTCGCA-1","TAGATCCGAAGTCGCA-1",1,10,72,2448,6164
"CTCTACACTGGCGATT-1","CTCTACACTGGCGATT-1",1,43,17,6399,2380
"CAACTCCTTGATCCCG-1","CAACTCCTTGATCCCG-1",1,18,46,3406,4375
"TTGATGCCGCTCGTCG-1","TTGATGCCGCTCGTCG-1",1,70,34,9632,3550
"GCGCAAGAGCGCGCTG-1","GCGCAAGAGCGCGCTG-1",1,40,100,6040,8091
"ATGCTCAGTGTTGCAT-1","ATGCTCAGTGTTGCAT-1",1,21,29,3765,3206
"TGCCGGATGTACGAGC-1","TGCCGGATGTACGAGC-1",1,62,34,8674,3550
"TTCAGCCCTGGTCCAC-1","TTCAGCCCTGGTCCAC-1",1,47,85,6878,7059
"CTATGAACACCTTGCC-1","CTATGAACACCTTGCC-1",1,72,28,9871,3137
"TTAGTTATTCGTGGCA-1","TTAGTTATTCGTGGCA-1",1,47,91,6878,7472
"ATCTAGCTTGTGAGGG-1","ATCTAGCTTGTGAGGG-1",1,67,65,9272,5683
"GATTCCTATACGGCGC-1","GATTCCTATACGGCGC-1",1,25,23,4244,2793
"GGCTCGCGTTGAGGTA-1","GGCTCGCGTTGAGGTA-1",1,31,93,4962,7609
"CATTCCCTAAGTACAA-1","CATTCCCTAAGTACAA-1",1,12,18,2688,2449
"CGGATAAGCGGACATG-1","CGGATAAGCGGACATG-1",1,19,17,3526,2380
"ACTCAACGAATGTATT-1","ACTCAACGAATGTATT-1",1,7,33,2089,3481
"GTTGGATTGAGAACAC-1","GTTGGATTGAGAACAC-1",1,32,88,5082,7265
"GGAGCGAGGCCTACTT-1","GGAGCGAGGCCTACTT-1",1,67,69,9272,5958
"GGATTGCTGTGACTCC-1","GGATTGCTGTGACTCC-1",1,60,84,8434,6990
"GTGAGCGTGCTGCACT-1","GTGAGCGTGCTGCACT-1",1,33,25,5202,2931
"GTCTCGATCTGCTTTC-1","GTCTCGATCTGCTTTC-1",1,20,80,3646,6715
"CTTGACCCGAAAGATA-1","CTTGACCCGAAAGATA-1",1,9,57,2329,5132
"TCGGGAGACAGCGTAC-1","TCGGGAGACAGCGTAC-1",1,59,71,8315,6096
"ACTGCCGTCGTAACTC-1","ACTGCCGTCGTAACTC-1",1,16,70,3167,6027
"CAGTTCAAATTGACAC-1","CAGTTCAAATTGACAC-1",1,29,51,4723,4720
"AAAGTCGACCCTCAGT-1","AAAGTCGACCCTCAGT-1",1,37,15,5681,2243
"GGGCAACCGCACGTGC-1","GGGCAACCGCACGTGC-1",1,55,19,7836,2518
"GGTACAAACATGCTAT-1","GGTACAAACATGCTAT-1",1,40,54,6040,4926
"TTAGACGAGTCACCTC-1","TTAGACGAGTCACCTC-1",1,48,80,6998,6715
"ACCCGGAAACTCCCAG-1","ACCCGGAAACTCCCAG-1",1,57,65,8075,5683
"CTGCTTGGCGATAGCT-1","CTGCTTGGCGATAGCT-1",1,53,75,7596,6371
"AACGTACTGTGGGTAC-1","AACGTACTGTGGGTAC-1",1,48,42,6998,4100
"TTCTGACCGGGCTCAA-1","TTCTGACCGGGCTCAA-1",1,52,84,7477,6990
"CCGGTTTGTAATTGTG-1","CCGGTTTGTAATTGTG-1",1,56,42,7956,4100
"TGCCAAAGTCAGACTT-1","TGCCAAAGTCAGACTT-1",1,43,19,6399,2518
"CTCTCGATGTGCGCCT-1","CTCTCGATGTGCGCCT-1",1,4,62,1730,5476
"ACGCCGCTAGACGACC-1","ACGCCGCTAGACGACC-1",1,43,71,6399,6096
"ATGCATGATCCAGGAT-1","ATGCATGATCCAGGAT-1",1,25,65,4244,5683
"GGGCAGAGCAATCGTT-1","GGGCAGAGCAATCGTT-1",1,58,60,8195,5339
"TAGTGCCCTCCAGAGT-1","TAGTGCCCTCCAGAGT-1",1,32,52,5082,4788
"TAGCGTTGGGTCTTAC-1","TAGCGTTGGGTCTTAC-1",1,38,68,5801,5889
"GGATTCCGCTATACCC-1","GGATTCCGCTATACCC-1",1,19,81,3526,6784
"GGACTCGTGAGTGGTC-1","GGACTCGTGAGTGGTC-1",1,64,38,8913,3825
"CACCCACACGTCACCC-1","CACCCACACGTCACCC-1",1,17,43,3287,4169
"CGGCAAACATCGTGCG-1","CGGCAAACATCGTGCG-1",1,52,66,7477,5752
"TAGCTCGCCTGATAAC-1","TAGCTCGCCTGATAAC-1",1,50,58,7237,5201
"ACTATGTCCAGCTGCC-1","ACTATGTCCAGCTGCC-1",1,64,22,8913,2724
"CACATCGTGCACGCGC-1","CACATCGTGCACGCGC-1",1,60,38,8434,3825
"TCAACCATGTTCGGGC-1","TCAACCATGTTCGGGC-1",1,25,51,4244,4720
"CAGGAAGACTTTATAT-1","CAGGAAGACTTTATAT-1",1,13,85,2808,7059
"GAAATATCACCATCAG-1","GAAATATCACCATCAG-1",1,33,23,5202,2793
"TAGACTACCTAGCGTT-1","TAGACTACCTAGCGTT-1",1,38,104,5800,8366
"TCACGTGCCCGATTCA-1","TCACGTGCCCGATTCA-1",1,38,62,5801,5476
"CGCGGGAATTAGGCAG-1","CGCGGGAATTAGGCAG-1",1,28,80,4603,6715
"GATGACAAGTAGGGCA-1","GATGACAAGTAGGGCA-1",1,57,33,8075,3481
"TCGGCTTGTATCGACG-1","TCGGCTTGTATCGACG-1",1,58,96,8195,7816
"GGTCTCTGAATGGACT-1","GGTCTCTGAATGGACT-1",1,52,34,7477,3550
"AGACCATGGGATACAA-1","AGACCATGGGATACAA-1",1,22,28,3885,3137
"TACGCCATATTCTAAT-1","TACGCCATATTCTAAT-1",1,40,58,6040,5201
"ACAGCGCACCCGCAGC-1","ACAGCGCACCCGCAGC-1",1,10,80,2448,6715
"TTACGGTGTCACCGAG-1","TTACGGTGTCACCGAG-1",1,5,37,1850,3756
"CTAAATCCGGTGTACA-1","CTAAATCCGGTGTACA-1",1,61,35,8554,3619
"CGCCATCCGATTATGA-1","CGCCATCCGATTATGA-1",1,24,80,4124,6715
"CCCAATTTCACAACTT-1","CCCAATTTCACAACTT-1",1,39,33,5920,3481
"TTGGCCTAGAATTTCG-1","TTGGCCTAGAATTTCG-1",1,16,82,3167,6852
"TTCTACCTCAATCGGT-1","TTCTACCTCAATCGGT-1",1,69,23,9512,2793
"CCGCTATCAGCACCAG-1","CCGCTATCAGCACCAG-1",1,45,63,6639,5545
"CGTTAGCTCACAACTG-1","CGTTAGCTCACAACTG-1",1,14,90,2927,7403
"TTAACACCTCGAACAT-1","TTAACACCTCGAACAT-1",1,24,22,4125,2724
"AGGAAGCTGTCCGCCG-1","AGGAAGCTGTCCGCCG-1",1,61,65,8554,5683
"TTAACGTCGCAAGACC-1","TTAACGTCGCAAGACC-1",1,10,54,2449,4926
"CGGTTCAAGTAGGTGT-1","CGGTTCAAGTAGGTGT-1",1,24,98,4124,7953
"GCACGCCTACTTAGAT-1","GCACGCCTACTTAGAT-1",1,55,39,7836,3894
"CATGTAAGAGACATTT-1","CATGTAAGAGACATTT-1",1,54,90,7716,7403
"TCGCGTCCAGAAGGTC-1","TCGCGTCCAGAAGGTC-1",1,31,29,4963,3206
"CTCTATTTGGCTGCAG-1","CTCTATTTGGCTGCAG-1",1,48,68,6998,5889
"AGGCTATGGTTAGCTT-1","AGGCTATGGTTAGCTT-1",1,26,30,4364,3275
"GTCTCAAGGCCCGGCT-1","GTCTCAAGGCCCGGCT-1",1,60,66,8434,5752
"GGTCACGTTAGATTCA-1","GGTCACGTTAGATTCA-1",1,6,38,1970,3825
"TAGATTCCTGGTTATT-1","TAGATTCCTGGTTATT-1",1,32,20,5082,2587
"CCCAATGAGATTTGCA-1","CCCAATGAGATTTGCA-1",1,60,40,8434,3963
"CCTGCGATAGAACTGT-1","CCTGCGATAGAACTGT-1",1,8,20,2209,2587
"CGCTGGTGACTACCCT-1","CGCTGGTGACTACCCT-1",1,48,98,6998,7953
"GTCAAGCGGACTCGGG-1","GTCAAGCGGACTCGGG-1",1,39,77,5920,6508
"CGGGCCTTCTTTGTAA-1","CGGGCCTTCTTTGTAA-1",1,41,55,6160,4995
"ACTCTCTTATACACGA-1","ACTCTCTTATACACGA-1",1,8,84,2209,6990
"TGTGGCAAAGCGTATG-1","TGTGGCAAAGCGTATG-1",1,29,87,4723,7196
"AAGGTGATAAACCAGC-1","AAGGTGATAAACCAGC-1",1,44,92,6519,7541
"CTGTATGGTGTAGAAA-1","CTGTATGGTGTAGAAA-1",1,20,32,3646,3412
"GGCATCAACGAGCACG-1","GGCATCAACGAGCACG-1",1,5,51,1850,4719
"GTGTATATCAGCGGGC-1","GTGTATATCAGCGGGC-1",1,58,76,8195,6440
"ATTTGTCTTGGGAGCT-1","ATTTGTCTTGGGAGCT-1",1,40,84,6040,6990
"TGAGATTAGGCCCTAA-1","TGAGATTAGGCCCTAA-1",1,16,94,3167,7678
"CTACGATCCTATCCTA-1","CTACGATCCTATCCTA-1",1,69,19,9512,2518
"TGAGTGCCTCTTAAAT-1","TGAGTGCCTCTTAAAT-1",1,45,41,6639,4032
"CGGGCCATAGCCGCAC-1","CGGGCCATAGCCGCAC-1",1,14,18,2927,2449
"GATCAACATAAAGGGA-1","GATCAACATAAAGGGA-1",1,62,36,8674,3688
"TAACTATCGAAGGTCC-1","TAACTATCGAAGGTCC-1",1,24,34,4125,3550
"AATTCATAAGGGATCT-1","AATTCATAAGGGATCT-1",1,23,91,4005,7472
"ATCAAACGAAGGTTTG-1","ATCAAACGAAGGTTTG-1",1,49,33,7118,3481
"TTGTTAGCAAATTCGA-1","TTGTTAGCAAATTCGA-1",1,22,42,3885,4100
"AACCGTTGTGTTTGCT-1","AACCGTTGTGTTTGCT-1",1,12,64,2688,5614
"CAGCCTCCTGCAGAGG-1","CAGCCTCCTGCAGAGG-1",1,23,77,4005,6508
"AGTTAAGTCAACCGCT-1","AGTTAAGTCAACCGCT-1",1,51,25,7357,2931
"TTGCCCTGATCACGGG-1","TTGCCCTGATCACGGG-1",1,36,34,5561,3550
"GGCTCTGCTCCAACGC-1","GGCTCTGCTCCAACGC-1",1,26,72,4364,6164
"AGCATCGTCGATAATT-1","AGCATCGTCGATAATT-1",1,22,52,3885,4788
"ATCAGACGGCACGCCG-1","ATCAGACGGCACGCCG-1",1,44,42,6519,4100
"GTGATCAAGCGTGCAC-1","GTGATCAAGCGTGCAC-1",1,65,27,9033,3068
"GCCGCTTGTGAGAAAC-1","GCCGCTTGTGAGAAAC-1",1,36,40,5561,3963
"CATTATGCTTGTTGTG-1","CATTATGCTTGTTGTG-1",1,26,52,4364,4788
"CCCGCGCAATGCACCC-1","CCCGCGCAATGCACCC-1",1,19,23,3526,2793
"TGCCTGACATCGGTCA-1","TGCCTGACATCGGTCA-1",1,16,20,3167,2587
"AGTTGCTGACTGATAT-1","AGTTGCTGACTGATAT-1",1,16,18,3167,2449
"TACCGGTCGTTTCCAT-1","TACCGGTCGTTTCCAT-1",1,44,34,6519,3550
"AAGTGCTTCTCTATTG-1","AAGTGCTTCTCTATTG-1",1,69,37,9512,3756
"CAAGCACCAAATGCCT-1","CAAGCACCAAATGCCT-1",1,18,66,3406,5752
